INSERT INTO Artists (ArtistId, Name, Country, Genre)
VALUES (1,'Ariana Grande', 'USA', 'Pop'),
       (2,'Ed Sheeran', 'UK', 'Pop'),
       (3,'Imagine Dragons', 'USA', 'Rock'),
       (4,'The Weeknd', 'Canada', 'R&B'),
       (5,'Dua Lipa', 'UK', 'Pop'),
       (6,'Drake', 'Canada', 'Hip-Hop'),
       (7,'Billie Eilish', 'USA', 'Alternative'),
       (8,'Coldplay', 'UK', 'Rock'),
       (9,'Taylor Swift', 'USA', 'Pop'),
       (10,'Post Malone', 'USA', 'Hip-Hop'),
       (11,'Bruno Mars', 'USA', 'Pop'),
       (12,'Rihanna', 'Barbados', 'Pop'),
       (13,'Adele', 'UK', 'Pop'),
       (14,'Kanye West', 'USA', 'Hip-Hop'),
       (15,'Kendrick Lamar', 'USA', 'Hip-Hop'),
       (16,'Sia', 'Australia', 'Pop'),
       (17,'Maroon 5', 'USA', 'Pop'),
       (18,'Linkin Park', 'USA', 'Rock'),
       (19,'Metallica', 'USA', 'Metal'),
       (20,'Eminem', 'USA', 'Hip-Hop'),
       (21,'Shawn Mendes', 'Canada', 'Pop'),
       (22,'Camila Cabello', 'USA', 'Pop'),
       (23,'Justin Bieber', 'Canada', 'Pop'),
       (24,'Lady Gaga', 'USA', 'Pop'),
       (25,'Harry Styles', 'UK', 'Pop'),
       (26,'U2', 'Ireland', 'Rock'),
       (27,'Queen', 'UK', 'Rock'),
       (28,'Pink Floyd', 'UK', 'Rock'),
       (29,'AC/DC', 'Australia', 'Rock'),
       (30,'The Beatles', 'UK', 'Rock');

INSERT INTO Albums (AlbumId, Title, ReleaseYear, ArtistId)
VALUES 
       (1, 'Sweetener', 2018, 1),
       (2, 'Thank U, Next', 2019, 1),
       (3, 'Divide', 2017, 2),
       (4, 'Multiply', 2014, 2),
       (5, 'Evolve', 2017, 3),
       (6, 'Origins', 2018, 3),
       (7, 'After Hours', 2020, 4),
       (8, 'Future Nostalgia', 2020, 5),
       (9, 'Evermore', 2020, 9),
       (10, 'Parachutes', 2000, 8),
       (11, '24K Magic', 2016, 11),
       (12, 'Anti', 2016, 12),
       (13, '25', 2015, 13),
       (14, 'Donda', 2021, 14),
       (15, 'DAMN.', 2017, 15),
       (16, 'This Is Acting', 2016, 16),
       (17, 'V', 2014, 17),
       (18, 'Hybrid Theory', 2000, 18),
       (19, 'Master of Puppets', 1986, 19),
       (20, 'The Marshall Mathers LP', 2000, 20),
       (21, 'Illuminate', 2016, 21),
       (22, 'Romance', 2019, 22),
       (23, 'Purpose', 2015, 23),
       (24, 'Chromatica', 2020, 24),
       (25, 'Fine Line', 2019, 25),
       (26, 'The Joshua Tree', 1987, 26),
       (27, 'A Night at the Opera', 1975, 27),
       (28, 'The Dark Side of the Moon', 1973, 28),
       (29, 'Back in Black', 1980, 29),
       (30, 'Abbey Road', 1969, 30);

	   INSERT INTO Songs (SongId, Title, Duration, AlbumId)
VALUES 
       (1, 'No Tears Left To Cry', 205, 1),
       (2, 'God Is a Woman', 197, 1),
       (3, 'Breathin', 198, 1),
       (4, '7 Rings', 179, 2),
       (5, 'Thank U, Next', 207, 2),
       (6, 'Perfect', 263, 3),
       (7, 'Shape of You', 233, 3),
       (8, 'Castle on the Hill', 261, 3),
       (9, 'Thinking Out Loud', 281, 4),
       (10, 'Photograph', 258, 4),
       (11, 'Believer', 204, 5),
       (12, 'Thunder', 187, 5),
       (13, 'Whatever It Takes', 201, 5),
       (14, 'Natural', 189, 6),
       (15, 'Bad Liar', 260, 6),
       (16, 'Blinding Lights', 200, 7),
       (17, 'Save Your Tears', 215, 7),
       (18, 'Levitating', 203, 8),
       (19, 'Don’t Start Now', 183, 8),
       (20, 'Willow', 214, 9),
       (21, 'Champagne Problems', 244, 9),
       (22, 'Yellow', 269, 10),
       (23, 'Trouble', 266, 10),
       (24, '24K Magic', 227, 11),
       (25, 'That’s What I Like', 206, 11),
       (26, 'Work', 219, 12),
       (27, 'Needed Me', 192, 12),
       (28, 'Hello', 295, 13),
       (29, 'Send My Love', 223, 13),
       (30, 'Hurricane', 243, 14),
       (31, 'Praise God', 227, 14),
       (32, 'HUMBLE.', 177, 15),
       (33, 'DNA.', 185, 15),
       (34, 'Cheap Thrills', 211, 16),
       (35, 'Alive', 214, 16),
       (36, 'Maps', 190, 17),
       (37, 'Animals', 231, 17),
       (38, 'In the End', 216, 18),
       (39, 'Crawling', 209, 18),
       (40, 'Battery', 312, 19),
       (41, 'Master of Puppets', 515, 19),
       (42, 'Stan', 404, 20),
       (43, 'The Real Slim Shady', 284, 20),
       (44, 'Treat You Better', 187, 21),
       (45, 'Mercy', 209, 21),
       (46, 'Señorita', 191, 22),
       (47, 'Liar', 202, 22),
       (48, 'Sorry', 200, 23),
       (49, 'Love Yourself', 233, 23),
       (50, 'Rain On Me', 182, 24),
       (51, 'Stupid Love', 193, 24),
       (52, 'Adore You', 207, 25),
       (53, 'Watermelon Sugar', 174, 25),
       (54, 'With or Without You', 296, 26),
       (55, 'I Still Haven’t Found What I’m Looking For', 277, 26),
       (56, 'Bohemian Rhapsody', 354, 27),
       (57, 'You’re My Best Friend', 170, 27),
       (58, 'Money', 382, 28),
       (59, 'Time', 412, 28),
       (60, 'Hells Bells', 312, 29),
       (61, 'Back in Black', 255, 29),
       (62, 'Come Together', 259, 30),
       (63, 'Here Comes the Sun', 185, 30);

INSERT INTO Playlists (PlaylistId, Name, CreatedDate)
VALUES 
       (1, 'Top Hits', '2025-01-01'),
       (2, 'Workout Mix', '2025-01-02'),
       (3, 'Chill Vibes', '2025-01-03'),
       (4, 'Party Time', '2025-01-04'),
       (5, 'Pop Favorites', '2025-01-05'),
       (6, 'Rock Classics', '2025-01-06'),
       (7, 'Late Night', '2025-01-07'),
       (8, 'Focus Mode', '2025-01-08'),
       (9, 'Driving', '2025-01-09'),
       (10, 'All Time Favorites', '2025-01-10');

INSERT INTO PlaylistSongs (PlaylistId, SongId)
VALUES (1,1),
       (1,3),
       (1,5),
       (1,8),
       (1,11),
       (1,15),
       (2,6),
       (2,7),
       (2,18),
       (2,19),
       (2,29),
       (3,2),
       (3,9),
       (3,10),
       (3,16),
       (3,24),
       (4,4),
       (4,8),
       (4,9),
       (4,14),
       (4,20),
       (5,1),
       (5,3),
       (5,11),
       (5,21),
       (5,25),
       (6,6),
       (6,18),
       (6,19),
       (6,27),
       (6,29),
       (7,10),
       (7,12),
       (7,15),
       (7,26),
       (8,2),
       (8,16),
       (8,17),
       (8,28),
       (9,5),
       (9,8),
       (9,18),
       (9,30),
       (10,1),
       (10,10),
       (10,20),
       (10,27),
       (10,30),
       (1,41);

	   INSERT INTO Users (UserId, Username, Email)
VALUES 
       (1, 'didi', 'didi@gmail.com'),
       (2, 'alex', 'alex@mail.com'),
       (3, 'maria', 'maria@mail.com'),
       (4, 'ivan', 'ivan@mail.com'),
       (5, 'petya', 'petya@mail.com'),
       (6, 'musicfan', 'fan@mail.com'),
       (7, 'admin', 'admin@mail.com'),
       (8, 'guest1', 'guest1@mail.com'),
       (9, 'guest2', 'guest2@mail.com'),
       (10, 'tester', 'tester@mail.com'),
       (11, 'oliver', 'oliver.smith@gmail.com'),
       (12, 'emma', 'emma.jones@yahoo.com'),
       (13, 'liam', 'liam.brown@mail.com'),
       (14, 'sophia', 'sophia.davis@hotmail.com'),
       (15, 'noah', 'noah.schnapp@gmail.com'),
       (16, 'mia', 'mia.moore@gmail.com'),
       (17, 'elijah', 'elijah.taylor@yahoo.com'),
       (18, 'ava', 'ava.anderson@mail.com'),
       (19, 'william', 'william.thomas@gmail.com'),
       (20, 'isabella', 'isabella.jackson@hotmail.com'),
       (21, 'james', 'james.white@mail.com'),
       (22, 'charlotte', 'charlotte.harris@gmail.com'),
       (23, 'benjamin', 'benjamin.martin@yahoo.com'),
       (24, 'amelia', 'amelia.thompson@hotmail.com'),
       (25, 'lucas', 'lucas.garcia@mail.com'),
       (26, 'harper', 'harper.martinez@gmail.com'),
       (27, 'mason', 'mason.robinson@yahoo.com'),
       (28, 'evelyn', 'evelyn.clark@gmail.com'),
       (29, 'logan', 'logan.lewis@hotmail.com'),
       (30, 'abigail', 'abigail.lee@mail.com');

INSERT INTO UserPlaylists (UserId, PlaylistId)
VALUES (1,1),
       (1,3),
       (1,5),
       (2,2),
       (2,4),
       (2,6),
       (3,1),
       (3,7),
       (4,6),
       (4,9),
       (5,5),
       (5,8),
       (6,1),
       (6,2),
       (6,10),
       (7,4),
       (7,6),
       (8,3),
       (8,7),
       (9,9),
       (9,10),
       (10,1),
       (10,2),
       (11,3),
       (11,5),
       (12,4),
       (12,8),
       (13,6),
       (13,10),
       (14,1),
       (14,9),
       (15,2),
       (15,5),
       (16,7),
       (16,8),
       (17,3),
       (17,6),
       (18,4),
       (18,10),
       (19,1),
       (19,2),
       (20,5),
       (20,9),
       (21,6),
       (21,7),
       (22,8),
       (22,10),
       (23,3),
       (23,4),
       (24,1),
       (24,6),
       (25,2),
       (25,7),
       (26,5),
       (26,8),
       (27,9),
       (27,10),
       (28,3),
       (28,6),
       (29,4),
       (29,5),
       (30,1),
       (30,10);